Menu Item	Clean Top View	Chosen Photo for Menu
Acai Bowl	Yes	Acai Bowl 02 - DSC_0783
Aloha Caesar	Yes	Aloha Caesar (with shrimp) 04 - DSC_0702
Aloha Gyro Wrap	Yes	Aloha Gyro Wrap 01 - DSC_0822
Aloha Mediterranean (with chicken gyro)	No	Aloha Mediterranean (with chicken) 02 - DSC_0723
Aloha Mediterranean	Yes	Aloha Mediterranean 04 - DSC_0661
Aloha Passion (with steak)	Yes	Aloha Passion (with steak) 06 - DSC_0572
Aloha Passion	Yes	Aloha Passion 02 - DSC_0556
Avocado Toast	Yes	Avocado Toast 03 - DSC_0919
Big Island Beet	Yes	Big Island Beet 04 - DSC_0674
Chicken Caesar Wrap	Yes	Chicken Caesar Wrap 01 - DSC_0876
Chicken Gyro Wrap	Yes	Chicken Gyro Wrap 01 - DSC_0857
Chicken Pesto Sandwich	Yes	Chicken Pesto Sandwich 01 - DSC_0831
Club Sub	Yes	Club Sub 02 - DSC_0826
Curried Chicken Wrap	Yes	Curried Chicken Wrap 01 - DSC_0836
Dessert Toast	Yes	Dessert Toast 01 - DSC_0924
Fresh Island Ahi Wrap	Yes	Fresh Island Ahi Wrap 02 - DSC_0870
Grilled Cheese Sandwich	Yes	Grilled Cheese Sandwich 03 - DSC_0810
Grilled Cheese Soup Combo	Yes	Grilled Cheese Soup Combo 01 - DSC_0811
Grilled Steak Wrap	Yes	Grilled Steak Wrap 01 - DSC_0817
Guava Lemonade	Yes	Guava lemonade 01 - DSC_0901
House Made Signature Cookie	Yes	House Made Signature Cookie 04 - DSC_0762
Hummus Pita Wrap	Yes	Hummus Pita Wrap 01 - DSC_0849
Kamuela Cobb	Yes	Kamuela Cobb 02 - DSC_0601
Kona Cold Brew	Yes	Kona Cold Brew 01 - DSC_0915
Mandarin Ginger	Yes	Mandarin Ginger 02 - DSC_0616
Ono Island Ahi	Yes	Ono Island Ahi 05 - DSC_0590
Organic Hibiscus Mint Mamaki Tea	Yes	Organic Hibiscus Mint Mamaki Tea 01 - DSC_0897
Pastrami Melt	Yes	Pastrami Melt 01 - DSC_0862
Poke Bowl	Yes	Spicy Ahi Poke Bowl 02 - DSC_0734
Poke Wrap	No	Spicy Ahi Poke Wrap 02 - DSC_0907
Poke Salad	Yes	Spicy Ahi Salad (styling B) 03 - DSC_0892
The Paniolo	Yes	The Paniolo (with gyro meat) 04 - DSC_0715
Tomato Bisque	Yes	Tomato Bisque 03 - DSC_0803
Tutus Chicken Salad Tortilla Wrap	Yes	Tutus Chicken Salad Tortilla Wrap 01 - DSC_0842
